year,hydro_GWh,geothermal_GWh,wind_GWh,solar_GWh,biomass_GWh,thermal_GWh,total_GWh,renewable_pct,source
2015,8258,1510,1050,3,40,55,10916,99.5,"ICE/CENCE, IRENA"
2016,8450,1530,1100,5,45,70,11200,99.4,"ICE/CENCE, IRENA"
2017,8100,1550,1180,8,50,30,10918,99.7,"ICE/CENCE, IRENA"
2018,8380,1540,1250,10,55,50,11285,99.6,"ICE/CENCE, IRENA"
2019,8500,1570,1280,12,58,80,11500,99.3,"ICE/CENCE, IRENA"
2020,8300,1560,1200,12,55,120,11247,98.9,"ICE/CENCE, IRENA"
2021,8800,1600,1300,13,60,50,11823,99.6,"ICE/CENCE, IRENA"
2022,9324,1638,1361,13,63,126,12525,99.0,"ICE/CENCE, IRENA"
2023,8710,1550,1525,13,63,640,12501,94.9,"ICE/CENCE (drought year)"
