indicator,value,unit,year,source
NDC 2030 net emissions ceiling,9.11,MtCO2e,2030,"Updated NDC 2020"
NDC cumulative budget 2021-2030,106.53,MtCO2e,2021-2030,"Updated NDC 2020"
Net zero target,0,MtCO2e,2050,"National Decarbonization Plan"
2050 residual gross emissions,5.5,MtCO2e,2050,"National Decarbonization Plan"
2050 LULUCF sink,-5.5,MtCO2e,2050,"National Decarbonization Plan"
Renewable electricity target,100,%,2030,"NDC/VII National Energy Plan"
EV share light fleet,8,%,2030,"Updated NDC 2020"
EV share light fleet,30,%,2035,"National Decarbonization Plan"
Zero-emission vehicles,95,%,2050,"National Decarbonization Plan"
EV bus fleet,70,%,2035,"National Decarbonization Plan"
EV bus fleet,100,%,2050,"National Decarbonization Plan"
Black carbon reduction from energy,20,% reduction vs 2018,2030,"Updated NDC 2020"
NDC reduction vs 2015 (excl. LULUCF),10-14,%,2030,"Updated NDC 2020"
